id;user_id;password;email;first;last;is_admin;delivery_address_number;delivery_address_street;delivery_address_city;delivery_address_postal_code;delivery_address_country;billing_address_number;billing_address_street;billing_address_city;billing_address_postal_code;billing_address_country
1;37454;Directives application Home Loan Account;Isabel5@gmail.com;FTP Savings Account;deposit Tasty Metal Bacon Implementation;false;Officer;methodology Albania;Home Namibia;Steel zero administration;Multi-channelled Licensed;grey Cambridgeshire;Canyon HDD;Table Small Frozen Sausages Planner;envisioneer Music Public-key;infomediaries
2;12203;Buckinghamshire Games;Giovanna66@hotmail.com;hardware Costa Rica Mayotte;Industrial;true;Views e-enable Communications;National Awesome sky blue;Tactics;scale interactive generating;Specialist Home Loan Account;Plastic;Car Industrial deliverables;orange Books;magenta monitor 1080p;Unbranded Plastic Tuna Frozen
3;86310;Investment Account archive Fantastic Plastic Chicken;Mandy_Rempel@gmail.com;COM;embrace Developer;true;hard drive Robust Networked;Poland;Small partnerships;Outdoors;Harbor Montana;Corporate Phased relationships;white Brand Money Market Account;Salad Web virtual;Refined Squares;maroon
4;89255;Ghana back-end National;Sven22@gmail.com;synergies copying;ability Hat Iraq;false;Bahamian Dollar;24/7;Gloves sky blue Oklahoma;robust Engineer;Exclusive Moroccan Dirham card;zero tolerance;mission-critical;Berkshire Small Plastic Pants Investor;Canadian Dollar;Berkshire Designer
5;24205;Bulgarian Lev navigate;Deanna.Rempel47@gmail.com;Orchestrator deliver;Licensed hacking installation;false;Refined Rubber Gloves Algerian Dinar Clothing;open-source turn-key;Sausages;disintermediate Cambridgeshire hacking;bricks-and-clicks Concrete Global;Fiji Dollar Profound Bacon;Macao Equatorial Guinea Vision-oriented;Agent;Human deposit;even-keeled Saint Helena Pound
6;84666;SCSI drive THX;Arthur78@hotmail.com;New Zealand Dollar Alabama transform;invoice Home Gloves;true;Cayman Islands Dollar invoice;Fish;Networked;Fish;payment calculating;local area network Benin;turn-key dedicated;Wisconsin;target Human withdrawal;dot-com payment Libyan Dinar
7;86416;Re-contextualized;Earl76@yahoo.com;Intelligent Frozen Sausages Villages;Human;false;Automotive Tactics architectures;Wisconsin Facilitator Incredible;reinvent;eco-centric Bedfordshire mesh;Configuration UIC-Franc;Ergonomic Concrete Soap Zambian Kwacha;Concrete Bedfordshire;portal calculating Metal;real-time discrete redundant;Synergistic Personal Loan Account Sleek
8;518;Auto Loan Account olive;Maybelle.Hyatt89@gmail.com;value-added incubate Practical;Argentine Peso implementation;false;Specialist generating;Computers Small Fresh Gloves back-end;interface;compress lavender Investment Account;backing up;Iran;Philippine Peso Metal;Strategist;card Licensed Cotton Ball;mindshare Gorgeous
9;2535;Brand;Hilario.Powlowski5@hotmail.com;Corporate;Enterprise-wide Benin;true;invoice;invoice;alarm Jamaica;system Gorgeous Rubber Pants;hack;leading-edge;Ergonomic Steel Gloves;Developer Shoes Music;Buckinghamshire Hollow Shoes;withdrawal Generic Frozen Tuna
10;88668;explicit;Lionel_Watsica@gmail.com;Norfolk Island Chilean Peso Unidades de fomento Checking Account;invoice Outdoors New York;true;North Dakota incubate deposit;haptic parsing;revolutionize Branding;teal analyzing yellow;Books Generic;robust withdrawal generate;Garden open-source hybrid;Solomon Islands Dollar;Personal Loan Account HTTP;schemas Specialist China
